{
  "project_info": {
    "project_number": "784587361182",
    "firebase_url": "https://sumit-9880b.firebaseio.com",
    "project_id": "sumit-9880b",
    "storage_bucket": "sumit-9880b.appspot.com"
  },
  "client": [
    {
      "client_info": {
        "mobilesdk_app_id": "1:784587361182:android:f65f5726ebe65e495fa48f",
        "android_client_info": {
          "package_name": "com.example.sumit_frontend"
        }
      },
      "oauth_client": [
        {
          "client_id": "784587361182-4ilkqov8lskci3rl3fts1j7oq8cnunkm.apps.googleusercontent.com",
          "client_type": 3
        }
      ],
      "api_key": [
        {
          "current_key": "AIzaSyDXa-8hVi_OG_waO3dPCbexbvtJTe5wAis"
        }
      ],
      "services": {
        "appinvite_service": {
          "other_platform_oauth_client": [
            {
              "client_id": "784587361182-4ilkqov8lskci3rl3fts1j7oq8cnunkm.apps.googleusercontent.com",
              "client_type": 3
            }
          ]
        }
      }
    }
  ],
  "configuration_version": "1"
}